{"accuracy": [0.33870968222618103, 0.39135727286338806, 0.44613513350486755, 0.47504565119743347, 0.5407790541648865, 0.5575167536735535, 0.587340235710144, 0.6062081456184387, 0.6500304341316223, 0.6558125615119934, 0.717589795589447, 0.7285453677177429, 0.7413268685340881, 0.7452830076217651, 0.7519780993461609, 0.7544126510620117, 0.7553256154060364, 0.7556299567222595, 0.7687157392501831, 0.7662811875343323, 0.7802799940109253, 0.7833231687545776, 0.7833231687545776, 0.7857577800750732, 0.7863664031028748, 0.782410204410553, 0.7827145457267761, 0.7805842757225037, 0.7933657765388489, 0.7860620617866516, 0.7821059226989746, 0.7808886170387268, 0.7900182604789734, 0.7778453826904297, 0.7891052961349487, 0.7942787408828735, 0.7921485304832458, 0.7848448157310486, 0.7836275100708008, 0.7869750261306763, 0.7833231687545776, 0.7875837087631226, 0.7872793674468994, 0.7894096374511719, 0.7881923317909241, 0.7860620617866516, 0.7818015813827515], "loss": [1.3433645963668823, 1.2726483345031738, 1.1942758560180664, 1.1420402526855469, 1.0520129203796387, 1.0162900686264038, 0.9627650380134583, 0.9034857153892517, 0.838605523109436, 0.8072208762168884, 0.7186580896377563, 0.6851101517677307, 0.667122483253479, 0.6674225926399231, 0.6445667743682861, 0.6464770436286926, 0.6414151787757874, 0.6280505061149597, 0.605502724647522, 0.6130384206771851, 0.590352475643158, 0.588577926158905, 0.5726633667945862, 0.579460620880127, 0.5759778022766113, 0.5672016143798828, 0.5746152997016907, 0.5699300765991211, 0.5647597312927246, 0.5703914761543274, 0.5726680755615234, 0.5744625329971313, 0.5735685229301453, 0.5796523094177246, 0.5729453563690186, 0.5591215491294861, 0.5632924437522888, 0.5727550983428955, 0.5709121823310852, 0.5747728943824768, 0.5696282386779785, 0.5629635453224182, 0.5691789984703064, 0.5674843788146973, 0.5728721618652344, 0.5705060958862305, 0.5815087556838989], "val_accuracy": [0.2928832173347473, 0.34124088287353516, 0.3613138794898987, 0.3950729966163635, 0.5063868761062622, 0.30656933784484863, 0.49635037779808044, 0.6341241002082825, 0.45164233446121216, 0.5839415788650513, 0.7007299065589905, 0.7025547623634338, 0.706204354763031, 0.7262773513793945, 0.7281022071838379, 0.7290145754814148, 0.7381386756896973, 0.7299270033836365, 0.7436131238937378, 0.6906934380531311, 0.7171533107757568, 0.7417883276939392, 0.7490875720977783, 0.7509124279022217, 0.7545620203018188, 0.7536496520042419, 0.7600364685058594, 0.7572992444038391, 0.7582116723060608, 0.7582116723060608, 0.7582116723060608, 0.7545620203018188, 0.7563868761062622, 0.7554744482040405, 0.7545620203018188, 0.7554744482040405, 0.7563868761062622, 0.7563868761062622, 0.7554744482040405, 0.7572992444038391, 0.7554744482040405, 0.7545620203018188, 0.7582116723060608, 0.7563868761062622, 0.7582116723060608, 0.7582116723060608, 0.7572992444038391], "val_loss": [1.3752613067626953, 1.3168140649795532, 1.2923448085784912, 1.2990646362304688, 1.1203757524490356, 1.7687749862670898, 1.048295497894287, 0.8992212414741516, 1.343863606452942, 0.959522545337677, 0.7252423167228699, 0.7258257865905762, 0.7244438529014587, 0.6893905401229858, 0.667154848575592, 0.6712337136268616, 0.6527618765830994, 0.662117063999176, 0.6261640191078186, 0.7240164875984192, 0.6614477038383484, 0.6205043792724609, 0.6128742694854736, 0.612333357334137, 0.6096856594085693, 0.6081348061561584, 0.6080651879310608, 0.6100863218307495, 0.608531653881073, 0.6076250672340393, 0.6075401902198792, 0.6073662042617798, 0.6074138283729553, 0.6071547269821167, 0.6066877245903015, 0.6064420342445374, 0.6063979268074036, 0.6061398386955261, 0.6059827208518982, 0.6061007380485535, 0.6057726740837097, 0.6050422191619873, 0.6053699851036072, 0.6056861877441406, 0.6057022213935852, 0.6054969429969788, 0.6051217913627625], "learning_rate": [0.0010000000474974513, 0.0010000000474974513, 0.0010000000474974513, 0.0010000000474974513, 0.0010000000474974513, 0.0010000000474974513, 0.0010000000474974513, 0.0010000000474974513, 0.0010000000474974513, 0.0010000000474974513, 0.00010000000474974513, 0.00010000000474974513, 0.00010000000474974513, 0.00010000000474974513, 0.00010000000474974513, 0.00010000000474974513, 0.00010000000474974513, 0.00010000000474974513, 0.00010000000474974513, 0.00010000000474974513, 0.00010000000474974513, 1.0000000656873453e-05, 1.0000000656873453e-05, 1.0000000656873453e-05, 1.0000000656873453e-05, 1.0000000656873453e-05, 1.0000000656873453e-05, 1.0000000656873453e-05, 1.0000001111620804e-06, 1.0000001111620804e-06, 1.0000001111620804e-06, 1.0000001111620804e-06, 1.0000001111620804e-06, 1.0000001111620804e-06, 1.0000001111620804e-06, 1.0000001111620804e-06, 1.0000001111620804e-06, 1.0000001111620804e-06, 1.0000001111620804e-06, 1.0000001111620804e-06, 1.0000001111620804e-06, 1.0000001111620804e-06, 1.0000001111620804e-06, 1.0000001111620804e-06, 1.000000082740371e-07, 1.000000082740371e-07, 1.000000082740371e-08]}